model,prune,quant,test_batch_size,sampling_rate,input_resolution,accuracy,output_fps,macs
GOOGLENET,0.0,float32,1,3.0,224,0.001,76.33,114860711270.34203
GOOGLENET,0.0,float32,1,6.0,224,0.001,89.28,134362900817.18095
GOOGLENET,0.0,float32,1,9.0,224,0.001,92.31,138921050733.67523
GOOGLENET,0.0,float32,1,12.0,224,0.001,89.04,133994731257.09409
GOOGLENET,0.0,float32,1,15.0,224,0.001,90.38,136008364355.47285
GOOGLENET,0.0,float32,1,18.0,224,0.001,95.57,143816814875.7324
GOOGLENET,0.0,float32,1,21.0,224,0.001,94.42,142086335112.64874
GOOGLENET,0.0,float32,1,24.0,224,0.001,92.63,139397338756.0229
GOOGLENET,0.0,float32,1,27.0,224,0.001,94.98,142935473845.09708
GOOGLENET,0.0,float32,1,30.0,224,0.001,96.55,145299227747.8185
GOOGLENET,0.0,float32,1,3.0,336,0.001,82.17,280160499837.8034
GOOGLENET,0.0,float32,1,6.0,336,0.001,87.39,297963181666.484
GOOGLENET,0.0,float32,1,9.0,336,0.001,81.41,277590976764.56726
GOOGLENET,0.0,float32,1,12.0,336,0.001,88.96,303337016162.0079
GOOGLENET,0.0,float32,1,15.0,336,0.001,86.07,293460707106.6338
GOOGLENET,0.0,float32,1,18.0,336,0.001,88.21,300755791212.18555
GOOGLENET,0.0,float32,1,21.0,336,0.001,88.5,301765746987.0718
GOOGLENET,0.0,float32,1,24.0,336,0.001,89.83,306291416041.52124
GOOGLENET,0.0,float32,1,27.0,336,0.001,89.47,305083750499.46484
GOOGLENET,0.0,float32,1,30.0,336,0.001,89.71,305886243566.3184
GOOGLENET,0.0,float32,1,3.0,448,0.001,71.92,432682818295.44196
GOOGLENET,0.0,float32,1,6.0,448,0.001,81.04,487551241994.54816
GOOGLENET,0.0,float32,1,9.0,448,0.001,78.88,474569445910.56116
GOOGLENET,0.0,float32,1,12.0,448,0.001,82.89,498693044490.64075
GOOGLENET,0.0,float32,1,15.0,448,0.001,85.28,513070198873.0706
GOOGLENET,0.0,float32,1,18.0,448,0.001,86.52,520554395289.4789
GOOGLENET,0.0,float32,1,21.0,448,0.001,86.85,522527471996.9451
GOOGLENET,0.0,float32,1,24.0,448,0.001,88.02,529558720426.75684
GOOGLENET,0.0,float32,1,27.0,448,0.001,85.99,517363700235.25714
GOOGLENET,0.0,float32,1,30.0,448,0.001,87.61,527083373719.6564
GOOGLENET,0.0,float32,1,3.0,560,0.406,65.16,615177998094.4843
GOOGLENET,0.0,float32,1,6.0,560,0.406,71.37,673827422941.6316
GOOGLENET,0.0,float32,1,9.0,560,0.406,78.08,737202196583.4302
GOOGLENET,0.0,float32,1,12.0,560,0.406,77.51,731760511304.3442
GOOGLENET,0.0,float32,1,15.0,560,0.406,77.31,729953683727.8992
GOOGLENET,0.0,float32,1,18.0,560,0.406,74.83,706490064475.9791
GOOGLENET,0.0,float32,1,21.0,560,0.406,79.13,747119677878.0087
GOOGLENET,0.0,float32,1,24.0,560,0.406,78.21,738425347037.1923
GOOGLENET,0.0,float32,1,27.0,560,0.406,79.74,752837480072.149
GOOGLENET,0.0,float32,1,30.0,560,0.406,79.67,752225138708.997
GOOGLENET,0.0,float32,1,3.0,672,0.746,57.29,775428971641.0918
GOOGLENET,0.0,float32,1,6.0,672,0.746,65.2,882524591310.2239
GOOGLENET,0.0,float32,1,9.0,672,0.746,70.44,953411755258.8134
GOOGLENET,0.0,float32,1,12.0,672,0.746,72.17,976876853538.3015
GOOGLENET,0.0,float32,1,15.0,672,0.746,72.82,985695833607.0083
GOOGLENET,0.0,float32,1,18.0,672,0.746,62.06,839974713932.3386
GOOGLENET,0.0,float32,1,21.0,672,0.746,63.38,857917656302.3923
GOOGLENET,0.0,float32,1,24.0,672,0.746,75.38,1020337661302.5245
GOOGLENET,0.0,float32,1,27.0,672,0.746,62.01,839410610543.8677
GOOGLENET,0.0,float32,1,30.0,672,0.746,69.31,938128650510.6794
GOOGLENET,0.0,float32,1,3.0,784,0.9,56.54,1044950326045.5947
GOOGLENET,0.0,float32,1,6.0,784,0.9,62.67,1158251998020.33
GOOGLENET,0.0,float32,1,9.0,784,0.9,66.54,1229757186895.3745
GOOGLENET,0.0,float32,1,12.0,784,0.9,60.61,1120090707507.4023
GOOGLENET,0.0,float32,1,15.0,784,0.9,70.25,1298210849397.5898
GOOGLENET,0.0,float32,1,18.0,784,0.9,69.01,1275333925709.6714
GOOGLENET,0.0,float32,1,21.0,784,0.9,63.41,1171901315877.4688
GOOGLENET,0.0,float32,1,24.0,784,0.9,69.74,1288807338238.6035
GOOGLENET,0.0,float32,1,27.0,784,0.9,64.66,1194897897941.692
GOOGLENET,0.0,float32,1,30.0,784,0.9,70.7,1306607972053.06
GOOGLENET,0.0,float32,1,3.0,896,0.967,51.24,1232992041190.4297
GOOGLENET,0.0,float32,1,6.0,896,0.967,62.79,1510951154266.9846
GOOGLENET,0.0,float32,1,9.0,896,0.967,60.64,1459058051278.0698
GOOGLENET,0.0,float32,1,12.0,896,0.967,64.97,1563323441202.8992
GOOGLENET,0.0,float32,1,15.0,896,0.967,66.26,1594324043113.6917
GOOGLENET,0.0,float32,1,18.0,896,0.967,66.42,1598250503304.978
GOOGLENET,0.0,float32,1,21.0,896,0.967,64.74,1557744698179.005
GOOGLENET,0.0,float32,1,24.0,896,0.967,66.24,1593918247261.5151
GOOGLENET,0.0,float32,1,27.0,896,0.967,56.96,1370618241710.3782
GOOGLENET,0.0,float32,1,30.0,896,0.967,66.52,1600601313668.6245
GOOGLENET,0.0,float32,1,3.0,1008,0.99,49.7,1517096943658.3337
GOOGLENET,0.0,float32,1,6.0,1008,0.99,55.67,1699513169447.8918
GOOGLENET,0.0,float32,1,9.0,1008,0.99,58.33,1780589877209.9463
GOOGLENET,0.0,float32,1,12.0,1008,0.99,59.88,1827934490505.755
GOOGLENET,0.0,float32,1,15.0,1008,0.99,57.63,1759247037665.8577
GOOGLENET,0.0,float32,1,18.0,1008,0.99,59.02,1801818840929.069
GOOGLENET,0.0,float32,1,21.0,1008,0.99,57.78,1763979615334.4912
GOOGLENET,0.0,float32,1,24.0,1008,0.99,57.12,1743640615773.0374
GOOGLENET,0.0,float32,1,27.0,1008,0.99,61.14,1866510799565.0757
GOOGLENET,0.0,float32,1,30.0,1008,0.99,59.99,1831239767910.9983
GOOGLENET,0.0,float32,1,3.0,1120,0.991,42.49,1597531273095.4404
GOOGLENET,0.0,float32,1,6.0,1120,0.991,47.89,1800678143360.6846
GOOGLENET,0.0,float32,1,9.0,1120,0.991,50.76,1908391065214.1484
GOOGLENET,0.0,float32,1,12.0,1120,0.991,51.57,1938807089845.9333
GOOGLENET,0.0,float32,1,15.0,1120,0.991,52.02,1955818951276.1143
GOOGLENET,0.0,float32,1,18.0,1120,0.991,52.5,1973852548316.1284
GOOGLENET,0.0,float32,1,21.0,1120,0.991,51.49,1935766470440.7612
GOOGLENET,0.0,float32,1,24.0,1120,0.991,52.76,1983529024642.6648
GOOGLENET,0.0,float32,1,27.0,1120,0.991,52.29,1965928875844.6807
GOOGLENET,0.0,float32,1,30.0,1120,0.991,52.95,1990685125601.9563
GOOGLENET,0.1,float32,1,3.0,224,0.001,92.75,139583739089.2071
GOOGLENET,0.1,float32,1,6.0,224,0.001,91.69,137981454374.6349
GOOGLENET,0.1,float32,1,9.0,224,0.001,92.17,138708916334.202
GOOGLENET,0.1,float32,1,12.0,224,0.001,92.75,139584756721.76263
GOOGLENET,0.1,float32,1,15.0,224,0.001,88.51,133197805031.33293
GOOGLENET,0.1,float32,1,18.0,224,0.001,93.8,141157448671.17596
GOOGLENET,0.1,float32,1,21.0,224,0.001,93.74,141066248629.17758
GOOGLENET,0.1,float32,1,24.0,224,0.001,94.99,142949290974.26132
GOOGLENET,0.1,float32,1,27.0,224,0.001,93.95,141384705025.93915
GOOGLENET,0.1,float32,1,30.0,224,0.001,95.05,143040856264.3398
GOOGLENET,0.2,float32,1,3.0,224,0.001,78.61,118296744467.61897
GOOGLENET,0.2,float32,1,6.0,224,0.001,93.33,140453725263.6532
GOOGLENET,0.2,float32,1,9.0,224,0.001,93.49,140686338502.00964
GOOGLENET,0.2,float32,1,12.0,224,0.001,91.28,137361244647.15144
GOOGLENET,0.2,float32,1,15.0,224,0.001,93.75,141083548417.0586
GOOGLENET,0.2,float32,1,18.0,224,0.001,94.99,142943370458.98776
GOOGLENET,0.2,float32,1,21.0,224,0.001,94.85,142742859543.3881
GOOGLENET,0.2,float32,1,24.0,224,0.001,93.73,141055317646.82
GOOGLENET,0.2,float32,1,27.0,224,0.001,91.98,138418612025.9062
GOOGLENET,0.2,float32,1,30.0,224,0.001,90.2,135741530548.43251
GOOGLENET,0.3,float32,1,3.0,224,0.001,89.96,135383735377.27907
GOOGLENET,0.3,float32,1,6.0,224,0.001,92.03,138487271292.68756
GOOGLENET,0.3,float32,1,9.0,224,0.001,95.32,143450768715.0222
GOOGLENET,0.3,float32,1,12.0,224,0.001,94.19,141742159458.87845
GOOGLENET,0.3,float32,1,15.0,224,0.001,92.19,138732729532.94608
GOOGLENET,0.3,float32,1,18.0,224,0.001,93.0,139954839391.16727
GOOGLENET,0.3,float32,1,21.0,224,0.001,95.2,143266587096.99454
GOOGLENET,0.3,float32,1,24.0,224,0.001,94.09,141601262630.21533
GOOGLENET,0.3,float32,1,27.0,224,0.001,93.9,141314398531.4979
GOOGLENET,0.3,float32,1,30.0,224,0.001,95.2,143265504982.8277
GOOGLENET,0.4,float32,1,3.0,224,0.001,88.85,133713889170.54501
GOOGLENET,0.4,float32,1,6.0,224,0.001,92.52,139233636441.37354
GOOGLENET,0.4,float32,1,9.0,224,0.001,91.26,137332797135.35838
GOOGLENET,0.4,float32,1,12.0,224,0.001,90.56,136274432186.22653
GOOGLENET,0.4,float32,1,15.0,224,0.001,95.58,143829302312.68115
GOOGLENET,0.4,float32,1,18.0,224,0.001,93.25,140327152209.90268
GOOGLENET,0.4,float32,1,21.0,224,0.001,94.57,142313488360.3319
GOOGLENET,0.4,float32,1,24.0,224,0.001,93.12,140141893858.00818
GOOGLENET,0.4,float32,1,27.0,224,0.001,93.27,140360532251.54108
GOOGLENET,0.4,float32,1,30.0,224,0.001,94.34,141974320978.99023
GOOGLENET,0.5,float32,1,3.0,224,0.001,93.09,140087750439.2492
GOOGLENET,0.5,float32,1,6.0,224,0.001,91.16,137187802559.31505
GOOGLENET,0.5,float32,1,9.0,224,0.001,92.41,139062089264.9506
GOOGLENET,0.5,float32,1,12.0,224,0.001,91.44,137612130588.45288
GOOGLENET,0.5,float32,1,15.0,224,0.001,93.77,141117003990.28134
GOOGLENET,0.5,float32,1,18.0,224,0.001,94.61,142374833468.4908
GOOGLENET,0.5,float32,1,21.0,224,0.001,92.39,139029321007.83704
GOOGLENET,0.5,float32,1,24.0,224,0.001,93.6,140856715007.8298
GOOGLENET,0.5,float32,1,27.0,224,0.001,93.34,140461400963.64923
GOOGLENET,0.5,float32,1,30.0,224,0.001,90.54,136250860089.72873
GOOGLENET,0.6,float32,1,3.0,224,0.001,91.51,137708520360.96704
GOOGLENET,0.6,float32,1,6.0,224,0.001,89.65,134911545413.5168
GOOGLENET,0.6,float32,1,9.0,224,0.001,93.54,140760194628.1491
GOOGLENET,0.6,float32,1,12.0,224,0.001,93.97,141407049856.3966
GOOGLENET,0.6,float32,1,15.0,224,0.001,92.75,139572836893.76663
GOOGLENET,0.6,float32,1,18.0,224,0.001,93.77,141118756150.50348
GOOGLENET,0.6,float32,1,21.0,224,0.001,91.29,137373222193.79358
GOOGLENET,0.6,float32,1,24.0,224,0.001,95.78,144137041039.80106
GOOGLENET,0.6,float32,1,27.0,224,0.001,94.71,142529533258.20602
GOOGLENET,0.6,float32,1,30.0,224,0.001,95.78,144139633369.79944
GOOGLENET,0.7,float32,1,3.0,224,0.001,89.15,134158342885.35814
GOOGLENET,0.7,float32,1,6.0,224,0.001,89.99,135429577810.74403
GOOGLENET,0.7,float32,1,9.0,224,0.001,92.54,139268744795.92618
GOOGLENET,0.7,float32,1,12.0,224,0.001,94.6,142354631056.92172
GOOGLENET,0.7,float32,1,15.0,224,0.001,93.53,140757632810.6492
GOOGLENET,0.7,float32,1,18.0,224,0.001,94.85,142739276727.51425
GOOGLENET,0.7,float32,1,21.0,224,0.001,94.86,142752202658.51367
GOOGLENET,0.7,float32,1,24.0,224,0.001,93.43,140608084280.2099
GOOGLENET,0.7,float32,1,27.0,224,0.001,93.47,140668434397.47748
GOOGLENET,0.7,float32,1,30.0,224,0.001,96.17,144719254667.65082
GOOGLENET,0.8,float32,1,3.0,224,0.001,87.5,131675228820.57286
GOOGLENET,0.8,float32,1,6.0,224,0.001,91.03,136990933042.05292
GOOGLENET,0.8,float32,1,9.0,224,0.001,93.53,140758752377.40118
GOOGLENET,0.8,float32,1,12.0,224,0.001,93.95,141377962281.04242
GOOGLENET,0.8,float32,1,15.0,224,0.001,93.31,140426612322.08563
GOOGLENET,0.8,float32,1,18.0,224,0.001,94.72,142536294082.8826
GOOGLENET,0.8,float32,1,21.0,224,0.001,95.52,143753062445.57834
GOOGLENET,0.8,float32,1,24.0,224,0.001,94.92,142849167253.502
GOOGLENET,0.8,float32,1,27.0,224,0.001,94.83,142704252633.9816
GOOGLENET,0.8,float32,1,30.0,224,0.001,94.39,142042945869.90723
GOOGLENET,0.9,float32,1,3.0,224,0.001,79.27,119292688977.30861
GOOGLENET,0.9,float32,1,6.0,224,0.001,93.19,140243638423.85843
GOOGLENET,0.9,float32,1,9.0,224,0.001,93.13,140151151038.75806
GOOGLENET,0.9,float32,1,12.0,224,0.001,92.49,139179168582.542
GOOGLENET,0.9,float32,1,15.0,224,0.001,92.98,139924803103.12573
GOOGLENET,0.9,float32,1,18.0,224,0.001,95.03,143014224335.68066
GOOGLENET,0.9,float32,1,21.0,224,0.001,95.11,143134187836.60382
GOOGLENET,0.9,float32,1,24.0,224,0.001,94.37,142014976898.45462
GOOGLENET,0.9,float32,1,27.0,224,0.001,96.25,144844126475.9612
GOOGLENET,0.9,float32,1,30.0,224,0.001,91.67,137945665072.37482
GOOGLENET,1.0,float32,1,3.0,224,0.001,90.5,136195390622.56975
GOOGLENET,1.0,float32,1,6.0,224,0.001,93.56,140803890168.9589
GOOGLENET,1.0,float32,1,9.0,224,0.001,92.62,139380288257.91406
GOOGLENET,1.0,float32,1,12.0,224,0.001,90.02,135466967361.64165
GOOGLENET,1.0,float32,1,15.0,224,0.001,93.85,141235492834.43472
GOOGLENET,1.0,float32,1,18.0,224,0.001,93.95,141377035394.36932
GOOGLENET,1.0,float32,1,21.0,224,0.001,94.95,142884200286.0377
GOOGLENET,1.0,float32,1,24.0,224,0.001,95.91,144330819108.88153
GOOGLENET,1.0,float32,1,27.0,224,0.001,94.85,142735279744.93707
GOOGLENET,1.0,float32,1,30.0,224,0.001,95.84,144228145590.86804
GOOGLENET,0.1,float32,1,3.0,336,0.001,82.13,280039387946.607
GOOGLENET,0.1,float32,1,6.0,336,0.001,86.56,295158271893.2322
GOOGLENET,0.1,float32,1,9.0,336,0.001,88.43,301510461357.85596
GOOGLENET,0.1,float32,1,12.0,336,0.001,87.44,298132904512.7774
GOOGLENET,0.1,float32,1,15.0,336,0.001,89.43,304916733453.5605
GOOGLENET,0.1,float32,1,18.0,336,0.001,89.93,306638379416.71356
GOOGLENET,0.1,float32,1,21.0,336,0.001,89.11,303856428529.7094
GOOGLENET,0.1,float32,1,24.0,336,0.001,89.64,305638182801.8582
GOOGLENET,0.1,float32,1,27.0,336,0.001,89.16,304022262634.4352
GOOGLENET,0.1,float32,1,30.0,336,0.001,89.68,305773908196.75165
GOOGLENET,0.2,float32,1,3.0,336,0.001,83.58,284991001370.9592
GOOGLENET,0.2,float32,1,6.0,336,0.001,80.79,275456358154.92084
GOOGLENET,0.2,float32,1,9.0,336,0.001,84.06,286632518739.8466
GOOGLENET,0.2,float32,1,12.0,336,0.001,89.85,306352946889.51746
GOOGLENET,0.2,float32,1,15.0,336,0.001,92.04,313827234171.00446
GOOGLENET,0.2,float32,1,18.0,336,0.001,86.92,296382781295.99475
GOOGLENET,0.2,float32,1,21.0,336,0.001,88.19,300697124768.8732
GOOGLENET,0.2,float32,1,24.0,336,0.001,83.45,284538854833.43823
GOOGLENET,0.2,float32,1,27.0,336,0.001,89.68,305784839315.489
GOOGLENET,0.2,float32,1,30.0,336,0.001,89.85,306363819049.6408
GOOGLENET,0.3,float32,1,3.0,336,0.001,84.67,288694585545.4847
GOOGLENET,0.3,float32,1,6.0,336,0.001,86.84,296098635386.2253
GOOGLENET,0.3,float32,1,9.0,336,0.001,80.48,274409725587.1094
GOOGLENET,0.3,float32,1,12.0,336,0.001,83.99,286389628483.4348
GOOGLENET,0.3,float32,1,15.0,336,0.001,85.04,289977363712.5069
GOOGLENET,0.3,float32,1,18.0,336,0.001,90.05,307037522613.8785
GOOGLENET,0.3,float32,1,21.0,336,0.001,84.98,289769541488.81287
GOOGLENET,0.3,float32,1,24.0,336,0.001,89.78,306134263934.86926
GOOGLENET,0.3,float32,1,27.0,336,0.001,87.03,296761208503.1239
GOOGLENET,0.3,float32,1,30.0,336,0.001,89.32,304560810428.8649
GOOGLENET,0.4,float32,1,3.0,336,0.001,83.61,285073154514.06433
GOOGLENET,0.4,float32,1,6.0,336,0.001,80.12,273201031149.33667
GOOGLENET,0.4,float32,1,9.0,336,0.001,83.63,285138015241.6635
GOOGLENET,0.4,float32,1,12.0,336,0.001,90.07,307116491764.8686
GOOGLENET,0.4,float32,1,15.0,336,0.001,85.5,291532095607.0907
GOOGLENET,0.4,float32,1,18.0,336,0.001,89.61,305553981706.58466
GOOGLENET,0.4,float32,1,21.0,336,0.001,87.71,299064302808.5928
GOOGLENET,0.4,float32,1,24.0,336,0.001,90.2,307549692367.84717
GOOGLENET,0.4,float32,1,27.0,336,0.001,90.48,308499256854.24243
GOOGLENET,0.4,float32,1,30.0,336,0.001,88.9,303139702449.9349
GOOGLENET,0.5,float32,1,3.0,336,0.001,85.24,290659713211.57404
GOOGLENET,0.5,float32,1,6.0,336,0.001,85.02,289910436138.0188
GOOGLENET,0.5,float32,1,9.0,336,0.001,87.33,297762220348.2077
GOOGLENET,0.5,float32,1,12.0,336,0.001,86.29,294227677128.5994
GOOGLENET,0.5,float32,1,15.0,336,0.001,87.17,297221131896.4347
GOOGLENET,0.5,float32,1,18.0,336,0.001,87.2,297326637063.1333
GOOGLENET,0.5,float32,1,21.0,336,0.001,89.89,306506217863.0899
GOOGLENET,0.5,float32,1,24.0,336,0.001,88.34,301205844200.66077
GOOGLENET,0.5,float32,1,27.0,336,0.001,89.47,305077003623.7119
GOOGLENET,0.5,float32,1,30.0,336,0.001,87.35,297828091419.43713
GOOGLENET,0.6,float32,1,3.0,336,0.001,74.7,254703994479.47485
GOOGLENET,0.6,float32,1,6.0,336,0.001,80.85,275658328052.53644
GOOGLENET,0.6,float32,1,9.0,336,0.001,80.53,274583874785.51315
GOOGLENET,0.6,float32,1,12.0,336,0.001,86.1,293559632796.83606
GOOGLENET,0.6,float32,1,15.0,336,0.001,89.43,304929096642.2609
GOOGLENET,0.6,float32,1,18.0,336,0.001,86.39,294556392232.75543
GOOGLENET,0.6,float32,1,21.0,336,0.001,88.15,300582844665.25574
GOOGLENET,0.6,float32,1,24.0,336,0.001,82.98,282942773760.6905
GOOGLENET,0.6,float32,1,27.0,336,0.001,89.93,306633185524.8615
GOOGLENET,0.6,float32,1,30.0,336,0.001,88.02,300117213055.56964
GOOGLENET,0.7,float32,1,3.0,336,0.001,76.08,259394464390.56448
GOOGLENET,0.7,float32,1,6.0,336,0.001,83.77,285647922760.79614
GOOGLENET,0.7,float32,1,9.0,336,0.001,87.98,299992890485.0773
GOOGLENET,0.7,float32,1,12.0,336,0.001,89.32,304564929381.5295
GOOGLENET,0.7,float32,1,15.0,336,0.001,86.93,296406279059.82355
GOOGLENET,0.7,float32,1,18.0,336,0.001,87.02,296723183730.7205
GOOGLENET,0.7,float32,1,21.0,336,0.001,86.2,293918618798.05066
GOOGLENET,0.7,float32,1,24.0,336,0.001,89.78,306123319991.08466
GOOGLENET,0.7,float32,1,27.0,336,0.001,88.94,303262659882.7833
GOOGLENET,0.7,float32,1,30.0,336,0.001,90.05,307029828433.30176
GOOGLENET,0.8,float32,1,3.0,336,0.001,82.95,282851289319.41846
GOOGLENET,0.8,float32,1,6.0,336,0.001,88.18,300669621201.68896
GOOGLENET,0.8,float32,1,9.0,336,0.001,85.35,291006694921.1191
GOOGLENET,0.8,float32,1,12.0,336,0.001,80.43,274246854297.3696
GOOGLENET,0.8,float32,1,15.0,336,0.001,87.39,297989065931.0315
GOOGLENET,0.8,float32,1,18.0,336,0.001,89.07,303717496501.736
GOOGLENET,0.8,float32,1,21.0,336,0.001,88.2,300726359332.43994
GOOGLENET,0.8,float32,1,24.0,336,0.001,89.94,306656292104.47974
GOOGLENET,0.8,float32,1,27.0,336,0.001,90.21,307575376027.30115
GOOGLENET,0.8,float32,1,30.0,336,0.001,89.83,306284643261.78906
GOOGLENET,0.9,float32,1,3.0,336,0.001,71.86,245007893290.62393
GOOGLENET,0.9,float32,1,6.0,336,0.001,87.93,299830488069.3199
GOOGLENET,0.9,float32,1,9.0,336,0.001,84.01,286434073275.3829
GOOGLENET,0.9,float32,1,12.0,336,0.001,90.62,309002795492.3412
GOOGLENET,0.9,float32,1,15.0,336,0.001,85.35,291016759375.56
GOOGLENET,0.9,float32,1,18.0,336,0.001,90.73,309372668528.05225
GOOGLENET,0.9,float32,1,21.0,336,0.001,89.7,305842640609.2773
GOOGLENET,0.9,float32,1,24.0,336,0.001,90.39,308209008063.7908
GOOGLENET,0.9,float32,1,27.0,336,0.001,89.33,304600820152.1461
GOOGLENET,0.9,float32,1,30.0,336,0.001,89.07,303708047094.8203
GOOGLENET,1.0,float32,1,3.0,336,0.001,83.35,284189441853.557
GOOGLENET,1.0,float32,1,6.0,336,0.001,88.36,301267785435.96704
GOOGLENET,1.0,float32,1,9.0,336,0.001,87.41,298032062082.84576
GOOGLENET,1.0,float32,1,12.0,336,0.001,83.2,283679895847.7795
GOOGLENET,1.0,float32,1,15.0,336,0.001,89.63,305597451537.59973
GOOGLENET,1.0,float32,1,18.0,336,0.001,83.49,284678816080.1066
GOOGLENET,1.0,float32,1,21.0,336,0.001,89.43,304943304262.3697
GOOGLENET,1.0,float32,1,24.0,336,0.001,87.76,299245569579.6575
GOOGLENET,1.0,float32,1,27.0,336,0.001,87.7,299045060375.33203
GOOGLENET,1.0,float32,1,30.0,336,0.001,90.75,309419670839.31915
GOOGLENET,0.1,float32,1,3.0,448,0.001,78.73,473650635198.28754
GOOGLENET,0.1,float32,1,6.0,448,0.001,79.54,478566534005.5616
GOOGLENET,0.1,float32,1,9.0,448,0.001,82.92,498858964372.3869
GOOGLENET,0.1,float32,1,12.0,448,0.001,79.07,475737087753.09607
GOOGLENET,0.1,float32,1,15.0,448,0.001,86.62,521124989944.4846
GOOGLENET,0.1,float32,1,18.0,448,0.001,84.45,508113609174.47437
GOOGLENET,0.1,float32,1,21.0,448,0.001,85.66,515345467684.29474
GOOGLENET,0.1,float32,1,24.0,448,0.001,85.86,516596128414.39264
GOOGLENET,0.1,float32,1,27.0,448,0.001,83.72,503708153809.99817
GOOGLENET,0.1,float32,1,30.0,448,0.001,86.67,521465875913.10895
GOOGLENET,0.2,float32,1,3.0,448,0.001,79.16,476256760955.60596
GOOGLENET,0.2,float32,1,6.0,448,0.001,75.71,455517487166.5571
GOOGLENET,0.2,float32,1,9.0,448,0.001,83.66,503354240794.7899
GOOGLENET,0.2,float32,1,12.0,448,0.001,83.47,502186386793.31946
GOOGLENET,0.2,float32,1,15.0,448,0.001,84.91,510881570969.47473
GOOGLENET,0.2,float32,1,18.0,448,0.001,85.92,516906634805.7101
GOOGLENET,0.2,float32,1,21.0,448,0.001,81.0,487360305821.4494
GOOGLENET,0.2,float32,1,24.0,448,0.001,84.16,506342698284.8618
GOOGLENET,0.2,float32,1,27.0,448,0.001,87.07,523872800480.46075
GOOGLENET,0.2,float32,1,30.0,448,0.001,84.77,510037649652.8647
GOOGLENET,0.3,float32,1,3.0,448,0.001,77.92,468792173192.3296
GOOGLENET,0.3,float32,1,6.0,448,0.001,77.52,466402382681.3671
GOOGLENET,0.3,float32,1,9.0,448,0.001,82.1,493940006523.7361
GOOGLENET,0.3,float32,1,12.0,448,0.001,82.03,493541641368.5412
GOOGLENET,0.3,float32,1,15.0,448,0.001,81.46,490102245918.20355
GOOGLENET,0.3,float32,1,18.0,448,0.001,81.91,492777947981.36597
GOOGLENET,0.3,float32,1,21.0,448,0.001,86.48,520320433161.0085
GOOGLENET,0.3,float32,1,24.0,448,0.001,87.01,523488024636.7454
GOOGLENET,0.3,float32,1,27.0,448,0.001,86.54,520687782091.2634
GOOGLENET,0.3,float32,1,30.0,448,0.001,84.08,505848964498.19586
GOOGLENET,0.4,float32,1,3.0,448,0.001,79.1,475876785763.2176
GOOGLENET,0.4,float32,1,6.0,448,0.001,78.46,472071936520.013
GOOGLENET,0.4,float32,1,9.0,448,0.001,80.07,481730116681.55365
GOOGLENET,0.4,float32,1,12.0,448,0.001,85.21,512690507645.39923
GOOGLENET,0.4,float32,1,15.0,448,0.001,84.17,506429033499.7497
GOOGLENET,0.4,float32,1,18.0,448,0.001,86.56,520786915464.7795
GOOGLENET,0.4,float32,1,21.0,448,0.001,85.43,514009740405.18
GOOGLENET,0.4,float32,1,24.0,448,0.001,85.9,516785358125.0188
GOOGLENET,0.4,float32,1,27.0,448,0.001,86.25,518927347391.2082
GOOGLENET,0.4,float32,1,30.0,448,0.001,80.92,486843536000.0248
GOOGLENET,0.5,float32,1,3.0,448,0.001,79.16,476273355508.75415
GOOGLENET,0.5,float32,1,6.0,448,0.001,78.15,470184002014.00824
GOOGLENET,0.5,float32,1,9.0,448,0.001,80.99,487258355955.3203
GOOGLENET,0.5,float32,1,12.0,448,0.001,82.62,497104789424.6525
GOOGLENET,0.5,float32,1,15.0,448,0.001,85.62,515108162075.6907
GOOGLENET,0.5,float32,1,18.0,448,0.001,83.77,504021048056.4759
GOOGLENET,0.5,float32,1,21.0,448,0.001,83.61,503027961548.06506
GOOGLENET,0.5,float32,1,24.0,448,0.001,86.56,520753672354.743
GOOGLENET,0.5,float32,1,27.0,448,0.001,86.62,521164194317.17236
GOOGLENET,0.5,float32,1,30.0,448,0.001,86.1,517985744028.6905
GOOGLENET,0.6,float32,1,3.0,448,0.001,71.72,431473502862.4947
GOOGLENET,0.6,float32,1,6.0,448,0.001,81.14,488162031177.8565
GOOGLENET,0.6,float32,1,9.0,448,0.001,81.01,487394689707.3715
GOOGLENET,0.6,float32,1,12.0,448,0.001,85.01,511429214828.84186
GOOGLENET,0.6,float32,1,15.0,448,0.001,84.32,507302086002.6695
GOOGLENET,0.6,float32,1,18.0,448,0.001,84.23,506764594170.1711
GOOGLENET,0.6,float32,1,21.0,448,0.001,85.85,516510483953.04065
GOOGLENET,0.6,float32,1,24.0,448,0.001,86.93,523016337420.7358
GOOGLENET,0.6,float32,1,27.0,448,0.001,86.09,517962080784.34906
GOOGLENET,0.6,float32,1,30.0,448,0.001,85.78,516091975368.4986
GOOGLENET,0.7,float32,1,3.0,448,0.001,79.97,481147066044.31824
GOOGLENET,0.7,float32,1,6.0,448,0.001,80.99,487299675339.17
GOOGLENET,0.7,float32,1,9.0,448,0.001,81.31,489193474903.7897
GOOGLENET,0.7,float32,1,12.0,448,0.001,85.3,513198216815.37946
GOOGLENET,0.7,float32,1,15.0,448,0.001,84.84,510461927955.571
GOOGLENET,0.7,float32,1,18.0,448,0.001,83.08,499816985450.2417
GOOGLENET,0.7,float32,1,21.0,448,0.001,86.59,520981900709.1838
GOOGLENET,0.7,float32,1,24.0,448,0.001,83.79,504090455681.3383
GOOGLENET,0.7,float32,1,27.0,448,0.001,85.11,512075597966.93146
GOOGLENET,0.7,float32,1,30.0,448,0.001,88.28,531146816851.49756
GOOGLENET,0.8,float32,1,3.0,448,0.001,72.02,433319496453.2575
GOOGLENET,0.8,float32,1,6.0,448,0.001,82.67,497400412577.6787
GOOGLENET,0.8,float32,1,9.0,448,0.001,79.81,480143672339.669
GOOGLENET,0.8,float32,1,12.0,448,0.001,82.75,497843524990.7773
GOOGLENET,0.8,float32,1,15.0,448,0.001,85.07,511795579305.9013
GOOGLENET,0.8,float32,1,18.0,448,0.001,86.45,520093941893.37335
GOOGLENET,0.8,float32,1,21.0,448,0.001,85.71,515684452229.7031
GOOGLENET,0.8,float32,1,24.0,448,0.001,84.85,510486165337.39703
GOOGLENET,0.8,float32,1,27.0,448,0.001,83.85,504479744422.2077
GOOGLENET,0.8,float32,1,30.0,448,0.001,86.47,520223821813.27606
GOOGLENET,0.9,float32,1,3.0,448,0.001,71.31,429059886867.7278
GOOGLENET,0.9,float32,1,6.0,448,0.001,81.1,487952100356.5628
GOOGLENET,0.9,float32,1,9.0,448,0.001,81.5,490347005272.5858
GOOGLENET,0.9,float32,1,12.0,448,0.001,84.01,505431957878.7162
GOOGLENET,0.9,float32,1,15.0,448,0.001,86.3,519243906460.7417
GOOGLENET,0.9,float32,1,18.0,448,0.001,84.66,509361777340.6503
GOOGLENET,0.9,float32,1,21.0,448,0.001,84.34,507429076005.0161
GOOGLENET,0.9,float32,1,24.0,448,0.001,86.53,520575032423.8387
GOOGLENET,0.9,float32,1,27.0,448,0.001,87.78,528135608161.0012
GOOGLENET,0.9,float32,1,30.0,448,0.001,86.0,517389491609.3159
GOOGLENET,1.0,float32,1,3.0,448,0.001,73.93,444810679910.6111
GOOGLENET,1.0,float32,1,6.0,448,0.001,84.09,505908039571.85223
GOOGLENET,1.0,float32,1,9.0,448,0.001,85.43,513989367334.6291
GOOGLENET,1.0,float32,1,12.0,448,0.001,85.25,512885939671.3906
GOOGLENET,1.0,float32,1,15.0,448,0.001,82.35,495424142900.2685
GOOGLENET,1.0,float32,1,18.0,448,0.001,83.41,501820247662.4333
GOOGLENET,1.0,float32,1,21.0,448,0.001,85.39,513720810227.6324
GOOGLENET,1.0,float32,1,24.0,448,0.001,86.45,520100289344.87573
GOOGLENET,1.0,float32,1,27.0,448,0.001,85.54,514626378911.7225
GOOGLENET,1.0,float32,1,30.0,448,0.001,85.62,515102954749.25183
GOOGLENET,0.1,float32,1,3.0,560,0.408,72.4,683557883099.1495
GOOGLENET,0.1,float32,1,6.0,560,0.408,76.21,719546098915.1925
GOOGLENET,0.1,float32,1,9.0,560,0.408,76.99,726915416149.7709
GOOGLENET,0.1,float32,1,12.0,560,0.408,77.85,734996302243.133
GOOGLENET,0.1,float32,1,15.0,560,0.408,78.56,741740784734.7477
GOOGLENET,0.1,float32,1,18.0,560,0.408,78.8,743955117485.4648
GOOGLENET,0.1,float32,1,21.0,560,0.408,78.08,737162078869.4059
GOOGLENET,0.1,float32,1,24.0,560,0.408,79.58,751357100415.4833
GOOGLENET,0.1,float32,1,27.0,560,0.408,78.51,741200695751.1411
GOOGLENET,0.1,float32,1,30.0,560,0.408,79.19,747681507024.1941
GOOGLENET,0.2,float32,1,3.0,560,0.405,66.44,627297649394.2095
GOOGLENET,0.2,float32,1,6.0,560,0.405,71.38,673902646245.5918
GOOGLENET,0.2,float32,1,9.0,560,0.405,76.54,722685751372.1866
GOOGLENET,0.2,float32,1,12.0,560,0.405,78.0,736395160333.5734
GOOGLENET,0.2,float32,1,15.0,560,0.405,73.47,693629424346.9685
GOOGLENET,0.2,float32,1,18.0,560,0.405,78.95,745367114058.2083
GOOGLENET,0.2,float32,1,21.0,560,0.405,77.68,733450159428.9971
GOOGLENET,0.2,float32,1,24.0,560,0.405,77.72,733759919785.6544
GOOGLENET,0.2,float32,1,27.0,560,0.405,78.97,745559558916.1681
GOOGLENET,0.2,float32,1,30.0,560,0.405,78.76,743624012145.3721
GOOGLENET,0.3,float32,1,3.0,560,0.396,70.36,664327268690.4346
GOOGLENET,0.3,float32,1,6.0,560,0.396,75.86,716210418206.156
GOOGLENET,0.3,float32,1,9.0,560,0.396,75.52,713039160787.4565
GOOGLENET,0.3,float32,1,12.0,560,0.396,78.64,742458215050.0228
GOOGLENET,0.3,float32,1,15.0,560,0.396,74.36,702074719354.3285
GOOGLENET,0.3,float32,1,18.0,560,0.396,76.87,725730685710.926
GOOGLENET,0.3,float32,1,21.0,560,0.396,79.01,745997037217.2408
GOOGLENET,0.3,float32,1,24.0,560,0.396,79.03,746118888355.7114
GOOGLENET,0.3,float32,1,27.0,560,0.396,79.19,747638403830.3464
GOOGLENET,0.3,float32,1,30.0,560,0.396,77.74,733996617853.5961
GOOGLENET,0.4,float32,1,3.0,560,0.384,71.64,676403359447.7874
GOOGLENET,0.4,float32,1,6.0,560,0.384,75.94,716978081795.1028
GOOGLENET,0.4,float32,1,9.0,560,0.384,77.25,729334651373.6859
GOOGLENET,0.4,float32,1,12.0,560,0.384,77.7,733600807178.4442
GOOGLENET,0.4,float32,1,15.0,560,0.384,78.38,740024268209.1545
GOOGLENET,0.4,float32,1,18.0,560,0.384,76.23,719763248717.1448
GOOGLENET,0.4,float32,1,21.0,560,0.384,79.19,747712660166.2467
GOOGLENET,0.4,float32,1,24.0,560,0.384,79.25,748259194411.5573
GOOGLENET,0.4,float32,1,27.0,560,0.384,79.25,748258949697.1371
GOOGLENET,0.4,float32,1,30.0,560,0.384,79.35,749141108842.8058
GOOGLENET,0.5,float32,1,3.0,560,0.37,70.66,667123439317.5852
GOOGLENET,0.5,float32,1,6.0,560,0.37,75.3,710946782154.6335
GOOGLENET,0.5,float32,1,9.0,560,0.37,76.8,725115263950.3278
GOOGLENET,0.5,float32,1,12.0,560,0.37,77.41,730822075897.4614
GOOGLENET,0.5,float32,1,15.0,560,0.37,75.06,708668365599.4076
GOOGLENET,0.5,float32,1,18.0,560,0.37,80.19,757115120950.4744
GOOGLENET,0.5,float32,1,21.0,560,0.37,77.07,727661581408.1117
GOOGLENET,0.5,float32,1,24.0,560,0.37,79.95,754829475402.626
GOOGLENET,0.5,float32,1,27.0,560,0.37,80.56,760598896348.0098
GOOGLENET,0.5,float32,1,30.0,560,0.37,81.15,766190036108.2609
GOOGLENET,0.6,float32,1,3.0,560,0.35,69.79,658925245413.1417
GOOGLENET,0.6,float32,1,6.0,560,0.35,75.75,715174092978.5713
GOOGLENET,0.6,float32,1,9.0,560,0.35,76.74,724555887043.7478
GOOGLENET,0.6,float32,1,12.0,560,0.35,73.82,696922782457.5315
GOOGLENET,0.6,float32,1,15.0,560,0.35,77.79,734431378483.9559
GOOGLENET,0.6,float32,1,18.0,560,0.35,79.06,746434885916.0845
GOOGLENET,0.6,float32,1,21.0,560,0.35,77.03,727231449176.9126
GOOGLENET,0.6,float32,1,24.0,560,0.35,80.95,764323029563.4524
GOOGLENET,0.6,float32,1,27.0,560,0.35,78.38,740021196238.9037
GOOGLENET,0.6,float32,1,30.0,560,0.35,78.8,743947084384.0831
GOOGLENET,0.7,float32,1,3.0,560,0.315,71.19,672180856041.1736
GOOGLENET,0.7,float32,1,6.0,560,0.315,72.77,687073890831.315
GOOGLENET,0.7,float32,1,9.0,560,0.315,76.5,722239393977.5647
GOOGLENET,0.7,float32,1,12.0,560,0.315,77.44,731176496589.3402
GOOGLENET,0.7,float32,1,15.0,560,0.315,77.88,735309298740.9985
GOOGLENET,0.7,float32,1,18.0,560,0.315,79.39,749562362326.8207
GOOGLENET,0.7,float32,1,21.0,560,0.315,78.27,738964101932.661
GOOGLENET,0.7,float32,1,24.0,560,0.315,79.61,751623060244.7098
GOOGLENET,0.7,float32,1,27.0,560,0.315,78.23,738613194552.2063
GOOGLENET,0.7,float32,1,30.0,560,0.315,78.31,739333915793.5432
GOOGLENET,0.8,float32,1,3.0,560,0.255,72.39,683419950821.8757
GOOGLENET,0.8,float32,1,6.0,560,0.255,74.71,705327526377.5846
GOOGLENET,0.8,float32,1,9.0,560,0.255,74.48,703237728225.8862
GOOGLENET,0.8,float32,1,12.0,560,0.255,76.17,719167153234.6909
GOOGLENET,0.8,float32,1,15.0,560,0.255,78.22,738500540845.7599
GOOGLENET,0.8,float32,1,18.0,560,0.255,77.99,736293058495.542
GOOGLENET,0.8,float32,1,21.0,560,0.255,77.58,732420303571.3176
GOOGLENET,0.8,float32,1,24.0,560,0.255,77.38,730549258657.259
GOOGLENET,0.8,float32,1,27.0,560,0.255,79.51,750733579937.4965
GOOGLENET,0.8,float32,1,30.0,560,0.255,79.1,746835457977.7102
GOOGLENET,0.9,float32,1,3.0,560,0.156,62.62,591199665626.2892
GOOGLENET,0.9,float32,1,6.0,560,0.156,73.11,690215282895.4612
GOOGLENET,0.9,float32,1,9.0,560,0.156,78.16,737971162531.818
GOOGLENET,0.9,float32,1,12.0,560,0.156,77.61,732770533667.5659
GOOGLENET,0.9,float32,1,15.0,560,0.156,77.05,727430851968.4666
GOOGLENET,0.9,float32,1,18.0,560,0.156,79.03,746118161739.8752
GOOGLENET,0.9,float32,1,21.0,560,0.156,78.37,739922661443.7218
GOOGLENET,0.9,float32,1,24.0,560,0.156,77.75,734043021700.2391
GOOGLENET,0.9,float32,1,27.0,560,0.156,80.37,758784774900.1993
GOOGLENET,0.9,float32,1,30.0,560,0.156,74.82,706419597167.4525
GOOGLENET,1.0,float32,1,3.0,560,0.001,71.8,677872953467.4293
GOOGLENET,1.0,float32,1,6.0,560,0.001,76.31,720457749940.3926
GOOGLENET,1.0,float32,1,9.0,560,0.001,74.82,706394185805.212
GOOGLENET,1.0,float32,1,12.0,560,0.001,77.51,731806599361.852
GOOGLENET,1.0,float32,1,15.0,560,0.001,79.69,752371124701.3231
GOOGLENET,1.0,float32,1,18.0,560,0.001,79.77,753098734799.3394
GOOGLENET,1.0,float32,1,21.0,560,0.001,79.51,750681869562.6421
GOOGLENET,1.0,float32,1,24.0,560,0.001,79.65,752006968125.7053
GOOGLENET,1.0,float32,1,27.0,560,0.001,73.18,690885110115.158
GOOGLENET,1.0,float32,1,30.0,560,0.001,76.76,724694996725.553
GOOGLENET,0.1,float32,1,3.0,672,0.75,61.92,838086002946.9526
GOOGLENET,0.1,float32,1,6.0,672,0.75,70.41,953070971554.3419
GOOGLENET,0.1,float32,1,9.0,672,0.75,66.69,902738591832.7527
GOOGLENET,0.1,float32,1,12.0,672,0.75,74.44,1007632834770.699
GOOGLENET,0.1,float32,1,15.0,672,0.75,69.91,946312172580.0315
GOOGLENET,0.1,float32,1,18.0,672,0.75,73.52,995107958184.1443
GOOGLENET,0.1,float32,1,21.0,672,0.75,61.51,832545061912.5067
GOOGLENET,0.1,float32,1,24.0,672,0.75,71.12,962663696491.0852
GOOGLENET,0.1,float32,1,27.0,672,0.75,74.0,1001606018128.0858
GOOGLENET,0.1,float32,1,30.0,672,0.75,75.01,1015308371013.6245
GOOGLENET,0.2,float32,1,3.0,672,0.745,57.95,784351259455.9098
GOOGLENET,0.2,float32,1,6.0,672,0.745,58.46,791326724395.164
GOOGLENET,0.2,float32,1,9.0,672,0.745,70.38,952648596237.1536
GOOGLENET,0.2,float32,1,12.0,672,0.745,70.05,948156354875.8309
GOOGLENET,0.2,float32,1,15.0,672,0.745,64.24,869480692496.4474
GOOGLENET,0.2,float32,1,18.0,672,0.745,71.41,966527518369.8342
GOOGLENET,0.2,float32,1,21.0,672,0.745,69.87,945784604198.7748
GOOGLENET,0.2,float32,1,24.0,672,0.745,72.55,982025569813.5842
GOOGLENET,0.2,float32,1,27.0,672,0.745,74.19,1004148274696.4602
GOOGLENET,0.2,float32,1,30.0,672,0.745,63.61,861047048886.2023
GOOGLENET,0.3,float32,1,3.0,672,0.727,59.39,803933427306.6814
GOOGLENET,0.3,float32,1,6.0,672,0.727,69.88,945935847978.5247
GOOGLENET,0.3,float32,1,9.0,672,0.727,69.72,943691053340.9707
GOOGLENET,0.3,float32,1,12.0,672,0.727,65.61,888107035596.443
GOOGLENET,0.3,float32,1,15.0,672,0.727,71.37,966075186226.7482
GOOGLENET,0.3,float32,1,18.0,672,0.727,72.83,985744233287.7496
GOOGLENET,0.3,float32,1,21.0,672,0.727,70.59,955539216148.2983
GOOGLENET,0.3,float32,1,24.0,672,0.727,73.35,992786809482.0452
GOOGLENET,0.3,float32,1,27.0,672,0.727,73.63,996687531942.6875
GOOGLENET,0.3,float32,1,30.0,672,0.727,74.06,1002521393143.1191
GOOGLENET,0.4,float32,1,3.0,672,0.706,61.91,837998457189.56
GOOGLENET,0.4,float32,1,6.0,672,0.706,70.89,959498511762.4674
GOOGLENET,0.4,float32,1,9.0,672,0.706,62.89,851230884522.3375
GOOGLENET,0.4,float32,1,12.0,672,0.706,68.57,928147280635.9152
GOOGLENET,0.4,float32,1,15.0,672,0.706,67.31,911047295248.8654
GOOGLENET,0.4,float32,1,18.0,672,0.706,74.31,1005787454159.0553
GOOGLENET,0.4,float32,1,21.0,672,0.706,73.35,992799917144.5034
GOOGLENET,0.4,float32,1,24.0,672,0.706,74.26,1005194574223.5856
GOOGLENET,0.4,float32,1,27.0,672,0.706,72.85,986113612373.2876
GOOGLENET,0.4,float32,1,30.0,672,0.706,66.94,906126235324.9332
GOOGLENET,0.5,float32,1,3.0,672,0.68,58.53,792270036213.6132
GOOGLENET,0.5,float32,1,6.0,672,0.68,70.33,952017443343.6597
GOOGLENET,0.5,float32,1,9.0,672,0.68,66.8,904181370164.52
GOOGLENET,0.5,float32,1,12.0,672,0.68,70.57,955239629573.5892
GOOGLENET,0.5,float32,1,15.0,672,0.68,74.45,1007683641152.533
GOOGLENET,0.5,float32,1,18.0,672,0.68,72.44,980563363964.4813
GOOGLENET,0.5,float32,1,21.0,672,0.68,66.67,902426811285.5492
GOOGLENET,0.5,float32,1,24.0,672,0.68,73.37,993055169675.5024
GOOGLENET,0.5,float32,1,27.0,672,0.68,70.88,959423869776.4739
GOOGLENET,0.5,float32,1,30.0,672,0.68,73.89,1000197291014.979
GOOGLENET,0.6,float32,1,3.0,672,0.642,56.31,762245345704.5817
GOOGLENET,0.6,float32,1,6.0,672,0.642,69.32,938307781918.143
GOOGLENET,0.6,float32,1,9.0,672,0.642,71.07,961955757082.6477
GOOGLENET,0.6,float32,1,12.0,672,0.642,71.54,968406209722.4305
GOOGLENET,0.6,float32,1,15.0,672,0.642,71.29,965022339628.848
GOOGLENET,0.6,float32,1,18.0,672,0.642,72.27,978286251952.7614
GOOGLENET,0.6,float32,1,21.0,672,0.642,70.8,958264545497.7213
GOOGLENET,0.6,float32,1,24.0,672,0.642,64.01,866419606197.6534
GOOGLENET,0.6,float32,1,27.0,672,0.642,73.46,994330630304.7587
GOOGLENET,0.6,float32,1,30.0,672,0.642,74.11,1003136762872.7915
GOOGLENET,0.7,float32,1,3.0,672,0.578,65.97,892969071402.8743
GOOGLENET,0.7,float32,1,6.0,672,0.578,70.46,953712667549.4564
GOOGLENET,0.7,float32,1,9.0,672,0.578,70.54,954745130999.9762
GOOGLENET,0.7,float32,1,12.0,672,0.578,70.67,956514336074.0496
GOOGLENET,0.7,float32,1,15.0,672,0.578,72.23,977709480661.1206
GOOGLENET,0.7,float32,1,18.0,672,0.578,63.01,852930339927.5267
GOOGLENET,0.7,float32,1,21.0,672,0.578,66.07,894330374642.4033
GOOGLENET,0.7,float32,1,24.0,672,0.578,72.16,976745908334.4055
GOOGLENET,0.7,float32,1,27.0,672,0.578,65.51,886694681441.9137
GOOGLENET,0.7,float32,1,30.0,672,0.578,72.74,984573738367.7998
GOOGLENET,0.8,float32,1,3.0,672,0.469,61.1,827035200733.7384
GOOGLENET,0.8,float32,1,6.0,672,0.469,67.36,911723498775.6145
GOOGLENET,0.8,float32,1,9.0,672,0.469,60.2,814888578587.6777
GOOGLENET,0.8,float32,1,12.0,672,0.469,71.21,963882458558.4154
GOOGLENET,0.8,float32,1,15.0,672,0.469,71.82,972122818698.6006
GOOGLENET,0.8,float32,1,18.0,672,0.469,72.9,986821335197.2726
GOOGLENET,0.8,float32,1,21.0,672,0.469,70.98,960819290793.815
GOOGLENET,0.8,float32,1,24.0,672,0.469,72.12,976239268557.5382
GOOGLENET,0.8,float32,1,27.0,672,0.469,74.26,1005227281756.9926
GOOGLENET,0.8,float32,1,30.0,672,0.469,73.52,995201425955.1349
GOOGLENET,0.9,float32,1,3.0,672,0.287,66.15,895347970803.8317
GOOGLENET,0.9,float32,1,6.0,672,0.287,66.35,898107203882.4598
GOOGLENET,0.9,float32,1,9.0,672,0.287,68.11,921922959659.2198
GOOGLENET,0.9,float32,1,12.0,672,0.287,66.09,894572228993.6166
GOOGLENET,0.9,float32,1,15.0,672,0.287,71.84,972471411059.0803
GOOGLENET,0.9,float32,1,18.0,672,0.287,63.88,864597776458.2288
GOOGLENET,0.9,float32,1,21.0,672,0.287,73.28,991923435251.6041
GOOGLENET,0.9,float32,1,24.0,672,0.287,64.3,870372976927.1703
GOOGLENET,0.9,float32,1,27.0,672,0.287,73.47,994412598830.8575
GOOGLENET,0.9,float32,1,30.0,672,0.287,74.59,1009681472575.3933
GOOGLENET,1.0,float32,1,3.0,672,0.001,68.11,921855766664.6969
GOOGLENET,1.0,float32,1,6.0,672,0.001,66.24,896601472990.5386
GOOGLENET,1.0,float32,1,9.0,672,0.001,71.51,967963880288.5063
GOOGLENET,1.0,float32,1,12.0,672,0.001,69.7,943441688341.0251
GOOGLENET,1.0,float32,1,15.0,672,0.001,72.72,984337587125.1398
GOOGLENET,1.0,float32,1,18.0,672,0.001,72.15,976583160258.4028
GOOGLENET,1.0,float32,1,21.0,672,0.001,73.81,999021947412.6073
GOOGLENET,1.0,float32,1,24.0,672,0.001,72.76,984908759580.7229
GOOGLENET,1.0,float32,1,27.0,672,0.001,73.72,997805255158.3655
GOOGLENET,1.0,float32,1,30.0,672,0.001,74.78,1012137547297.3815
GOOGLENET,0.1,float32,1,3.0,784,0.905,61.58,1138137488288.27
GOOGLENET,0.1,float32,1,6.0,784,0.905,66.33,1225812515608.0273
GOOGLENET,0.1,float32,1,9.0,784,0.905,60.19,1112360273179.39
GOOGLENET,0.1,float32,1,12.0,784,0.905,67.08,1239671888204.021
GOOGLENET,0.1,float32,1,15.0,784,0.905,58.63,1083579805532.9956
GOOGLENET,0.1,float32,1,18.0,784,0.905,68.03,1257185540456.2834
GOOGLENET,0.1,float32,1,21.0,784,0.905,62.15,1148545093843.5454
GOOGLENET,0.1,float32,1,24.0,784,0.905,69.1,1277032950337.596
GOOGLENET,0.1,float32,1,27.0,784,0.905,69.87,1291303014463.086
GOOGLENET,0.1,float32,1,30.0,784,0.905,60.85,1124540349220.9102
GOOGLENET,0.2,float32,1,3.0,784,0.899,54.64,1009741140480.1744
GOOGLENET,0.2,float32,1,6.0,784,0.899,65.98,1219333570723.657
GOOGLENET,0.2,float32,1,9.0,784,0.899,61.69,1140082259132.307
GOOGLENET,0.2,float32,1,12.0,784,0.899,66.13,1222211574684.6187
GOOGLENET,0.2,float32,1,15.0,784,0.899,69.15,1277896608161.2212
GOOGLENET,0.2,float32,1,18.0,784,0.899,69.02,1275486573278.1501
GOOGLENET,0.2,float32,1,21.0,784,0.899,69.86,1291055181764.8267
GOOGLENET,0.2,float32,1,24.0,784,0.899,61.9,1144002244399.4426
GOOGLENET,0.2,float32,1,27.0,784,0.899,62.23,1149995342646.157
GOOGLENET,0.2,float32,1,30.0,784,0.899,68.89,1273188019880.3525
GOOGLENET,0.3,float32,1,3.0,784,0.877,62.3,1151289043821.0933
GOOGLENET,0.3,float32,1,6.0,784,0.877,56.44,1042974128563.2693
GOOGLENET,0.3,float32,1,9.0,784,0.877,65.29,1206528237120.7175
GOOGLENET,0.3,float32,1,12.0,784,0.877,67.2,1241935757804.1863
GOOGLENET,0.3,float32,1,15.0,784,0.877,66.85,1235502214060.3926
GOOGLENET,0.3,float32,1,18.0,784,0.877,70.4,1301082516111.7336
GOOGLENET,0.3,float32,1,21.0,784,0.877,67.9,1254886085121.1985
GOOGLENET,0.3,float32,1,24.0,784,0.877,70.21,1297552831220.9197
GOOGLENET,0.3,float32,1,27.0,784,0.877,70.35,1300135049498.78
GOOGLENET,0.3,float32,1,30.0,784,0.877,70.01,1293854626590.8062
GOOGLENET,0.4,float32,1,3.0,784,0.852,55.4,1023815521052.3363
GOOGLENET,0.4,float32,1,6.0,784,0.852,63.52,1173913419958.8796
GOOGLENET,0.4,float32,1,9.0,784,0.852,56.88,1051267653817.1769
GOOGLENET,0.4,float32,1,12.0,784,0.852,59.15,1093229174050.4346
GOOGLENET,0.4,float32,1,15.0,784,0.852,63.63,1175847454144.2622
GOOGLENET,0.4,float32,1,18.0,784,0.852,57.31,1059144038248.8119
GOOGLENET,0.4,float32,1,21.0,784,0.852,68.68,1269331298810.7097
GOOGLENET,0.4,float32,1,24.0,784,0.852,58.77,1086034308065.0232
GOOGLENET,0.4,float32,1,27.0,784,0.852,69.44,1283253074041.7617
GOOGLENET,0.4,float32,1,30.0,784,0.852,71.31,1317907251895.0027
GOOGLENET,0.5,float32,1,3.0,784,0.821,58.48,1080697211100.078
GOOGLENET,0.5,float32,1,6.0,784,0.821,63.13,1166627150480.6765
GOOGLENET,0.5,float32,1,9.0,784,0.821,66.09,1221428373452.6372
GOOGLENET,0.5,float32,1,12.0,784,0.821,66.49,1228826566501.8955
GOOGLENET,0.5,float32,1,15.0,784,0.821,68.26,1261439107343.5708
GOOGLENET,0.5,float32,1,18.0,784,0.821,66.14,1222296941176.9246
GOOGLENET,0.5,float32,1,21.0,784,0.821,69.29,1280469397614.7625
GOOGLENET,0.5,float32,1,24.0,784,0.821,61.08,1128742393994.129
GOOGLENET,0.5,float32,1,27.0,784,0.821,69.61,1286491142052.0847
GOOGLENET,0.5,float32,1,30.0,784,0.821,68.66,1268827921283.772
GOOGLENET,0.6,float32,1,3.0,784,0.775,55.86,1032249754936.3777
GOOGLENET,0.6,float32,1,6.0,784,0.775,62.69,1158532441080.7554
GOOGLENET,0.6,float32,1,9.0,784,0.775,61.55,1137586979634.5015
GOOGLENET,0.6,float32,1,12.0,784,0.775,68.79,1271269887003.8713
GOOGLENET,0.6,float32,1,15.0,784,0.775,64.07,1184065328827.381
GOOGLENET,0.6,float32,1,18.0,784,0.775,68.35,1263106000360.4067
GOOGLENET,0.6,float32,1,21.0,784,0.775,69.7,1288074869589.7131
GOOGLENET,0.6,float32,1,24.0,784,0.775,62.49,1154936864438.6394
GOOGLENET,0.6,float32,1,27.0,784,0.775,68.63,1268431279545.7668
GOOGLENET,0.6,float32,1,30.0,784,0.775,58.19,1075355880722.9491
GOOGLENET,0.7,float32,1,3.0,784,0.698,62.28,1150951096164.305
GOOGLENET,0.7,float32,1,6.0,784,0.698,64.77,1197046301335.7136
GOOGLENET,0.7,float32,1,9.0,784,0.698,65.09,1202893885769.5923
GOOGLENET,0.7,float32,1,12.0,784,0.698,64.9,1199493089632.0662
GOOGLENET,0.7,float32,1,15.0,784,0.698,64.44,1190885281448.7996
GOOGLENET,0.7,float32,1,18.0,784,0.698,60.84,1124463421664.2163
GOOGLENET,0.7,float32,1,21.0,784,0.698,70.24,1298008443251.6084
GOOGLENET,0.7,float32,1,24.0,784,0.698,70.51,1303004405082.1152
GOOGLENET,0.7,float32,1,27.0,784,0.698,70.18,1297000619907.9539
GOOGLENET,0.7,float32,1,30.0,784,0.698,70.78,1308051717499.2236
GOOGLENET,0.8,float32,1,3.0,784,0.566,53.13,981846064635.1534
GOOGLENET,0.8,float32,1,6.0,784,0.566,66.07,1221011498781.0024
GOOGLENET,0.8,float32,1,9.0,784,0.566,68.29,1262068264437.5283
GOOGLENET,0.8,float32,1,12.0,784,0.566,68.44,1264800090708.9358
GOOGLENET,0.8,float32,1,15.0,784,0.566,61.35,1133847454256.4731
GOOGLENET,0.8,float32,1,18.0,784,0.566,62.9,1162496843497.3416
GOOGLENET,0.8,float32,1,21.0,784,0.566,70.33,1299840403246.3806
GOOGLENET,0.8,float32,1,24.0,784,0.566,70.01,1293754620727.986
GOOGLENET,0.8,float32,1,27.0,784,0.566,69.56,1285557048192.886
GOOGLENET,0.8,float32,1,30.0,784,0.566,69.1,1276992756641.475
GOOGLENET,0.9,float32,1,3.0,784,0.346,58.05,1072851372750.3882
GOOGLENET,0.9,float32,1,6.0,784,0.346,65.94,1218605907477.085
GOOGLENET,0.9,float32,1,9.0,784,0.346,60.12,1111104513220.593
GOOGLENET,0.9,float32,1,12.0,784,0.346,69.3,1280789255015.895
GOOGLENET,0.9,float32,1,15.0,784,0.346,62.55,1155909017877.5154
GOOGLENET,0.9,float32,1,18.0,784,0.346,69.99,1293492164464.5889
GOOGLENET,0.9,float32,1,21.0,784,0.346,69.17,1278243080147.7886
GOOGLENET,0.9,float32,1,24.0,784,0.346,70.15,1296508181057.018
GOOGLENET,0.9,float32,1,27.0,784,0.346,61.58,1137989123412.8657
GOOGLENET,0.9,float32,1,30.0,784,0.346,69.26,1280056901441.79
GOOGLENET,1.0,float32,1,3.0,784,0.001,61.83,1142688205564.5847
GOOGLENET,1.0,float32,1,6.0,784,0.001,66.84,1235339683423.5085
GOOGLENET,1.0,float32,1,9.0,784,0.001,68.21,1260638143040.4136
GOOGLENET,1.0,float32,1,12.0,784,0.001,68.04,1257378924609.6077
GOOGLENET,1.0,float32,1,15.0,784,0.001,68.63,1268260537405.6362
GOOGLENET,1.0,float32,1,18.0,784,0.001,70.09,1295394114964.1897
GOOGLENET,1.0,float32,1,21.0,784,0.001,68.98,1274793018665.5852
GOOGLENET,1.0,float32,1,24.0,784,0.001,69.73,1288751449490.737
GOOGLENET,1.0,float32,1,27.0,784,0.001,70.84,1309184068849.3528
GOOGLENET,1.0,float32,1,30.0,784,0.001,70.56,1304064919747.7595
GOOGLENET,0.1,float32,1,3.0,896,0.972,53.49,1287098936642.0444
GOOGLENET,0.1,float32,1,6.0,896,0.972,62.47,1503166685557.1191
GOOGLENET,0.1,float32,1,9.0,896,0.972,61.39,1477147739529.7505
GOOGLENET,0.1,float32,1,12.0,896,0.972,62.03,1492582693239.8606
GOOGLENET,0.1,float32,1,15.0,896,0.972,65.74,1581774751864.8647
GOOGLENET,0.1,float32,1,18.0,896,0.972,64.65,1555735258473.061
GOOGLENET,0.1,float32,1,21.0,896,0.972,65.22,1569306297995.3467
GOOGLENET,0.1,float32,1,24.0,896,0.972,65.87,1584929157514.877
GOOGLENET,0.1,float32,1,27.0,896,0.972,56.92,1369547861060.4617
GOOGLENET,0.1,float32,1,30.0,896,0.972,58.62,1410614337396.9583
GOOGLENET,0.2,float32,1,3.0,896,0.966,54.1,1301742242314.0417
GOOGLENET,0.2,float32,1,6.0,896,0.966,61.41,1477605090466.4639
GOOGLENET,0.2,float32,1,9.0,896,0.966,63.85,1536435984712.3242
GOOGLENET,0.2,float32,1,12.0,896,0.966,62.96,1514999670909.6204
GOOGLENET,0.2,float32,1,15.0,896,0.966,64.99,1563920939204.6401
GOOGLENET,0.2,float32,1,18.0,896,0.966,63.7,1532762810068.4712
GOOGLENET,0.2,float32,1,21.0,896,0.966,65.78,1582738466918.5598
GOOGLENET,0.2,float32,1,24.0,896,0.966,64.25,1546044254898.891
GOOGLENET,0.2,float32,1,27.0,896,0.966,62.11,1494427010902.2385
GOOGLENET,0.2,float32,1,30.0,896,0.966,65.36,1572737703533.042
GOOGLENET,0.3,float32,1,3.0,896,0.943,57.72,1388982948377.6626
GOOGLENET,0.3,float32,1,6.0,896,0.943,62.31,1499402460147.9363
GOOGLENET,0.3,float32,1,9.0,896,0.943,59.5,1431842453147.6404
GOOGLENET,0.3,float32,1,12.0,896,0.943,63.19,1520436249756.2324
GOOGLENET,0.3,float32,1,15.0,896,0.943,63.92,1538119055752.0305
GOOGLENET,0.3,float32,1,18.0,896,0.943,63.62,1530766057750.4124
GOOGLENET,0.3,float32,1,21.0,896,0.943,62.09,1494002941874.6213
GOOGLENET,0.3,float32,1,24.0,896,0.943,66.38,1597203669695.9163
GOOGLENET,0.3,float32,1,27.0,896,0.943,66.4,1597643306636.672
GOOGLENET,0.3,float32,1,30.0,896,0.943,66.65,1603673772245.6602
GOOGLENET,0.4,float32,1,3.0,896,0.915,57.72,1388800638209.0444
GOOGLENET,0.4,float32,1,6.0,896,0.915,59.47,1430926491292.4456
GOOGLENET,0.4,float32,1,9.0,896,0.915,62.22,1497246023131.3079
GOOGLENET,0.4,float32,1,12.0,896,0.915,64.89,1561325008210.4006
GOOGLENET,0.4,float32,1,15.0,896,0.915,65.59,1578332723269.579
GOOGLENET,0.4,float32,1,18.0,896,0.915,60.3,1451003518321.502
GOOGLENET,0.4,float32,1,21.0,896,0.915,66.51,1600373870166.364
GOOGLENET,0.4,float32,1,24.0,896,0.915,62.4,1501428382298.1963
GOOGLENET,0.4,float32,1,27.0,896,0.915,61.49,1479723102230.747
GOOGLENET,0.4,float32,1,30.0,896,0.915,66.62,1603027569337.9207
GOOGLENET,0.5,float32,1,3.0,896,0.882,51.96,1250301727625.1028
GOOGLENET,0.5,float32,1,6.0,896,0.882,60.33,1451655333494.8733
GOOGLENET,0.5,float32,1,9.0,896,0.882,61.48,1479272413785.6455
GOOGLENET,0.5,float32,1,12.0,896,0.882,61.73,1485464516177.789
GOOGLENET,0.5,float32,1,15.0,896,0.882,59.4,1429266606251.1333
GOOGLENET,0.5,float32,1,18.0,896,0.882,64.41,1549950166065.797
GOOGLENET,0.5,float32,1,21.0,896,0.882,66.05,1589262137201.82
GOOGLENET,0.5,float32,1,24.0,896,0.882,60.51,1455999011053.0796
GOOGLENET,0.5,float32,1,27.0,896,0.882,64.84,1560270653507.0225
GOOGLENET,0.5,float32,1,30.0,896,0.882,65.94,1586590355061.5186
GOOGLENET,0.6,float32,1,3.0,896,0.833,57.78,1390289924463.9082
GOOGLENET,0.6,float32,1,6.0,896,0.833,61.06,1469350529745.9126
GOOGLENET,0.6,float32,1,9.0,896,0.833,61.45,1478688997762.589
GOOGLENET,0.6,float32,1,12.0,896,0.833,63.73,1533461624683.2522
GOOGLENET,0.6,float32,1,15.0,896,0.833,63.61,1530688599115.6946
GOOGLENET,0.6,float32,1,18.0,896,0.833,65.21,1569159554529.0518
GOOGLENET,0.6,float32,1,21.0,896,0.833,60.79,1462854586065.5505
GOOGLENET,0.6,float32,1,24.0,896,0.833,66.15,1591745730148.0671
GOOGLENET,0.6,float32,1,27.0,896,0.833,65.91,1586086513211.8699
GOOGLENET,0.6,float32,1,30.0,896,0.833,66.1,1590594243297.6606
GOOGLENET,0.7,float32,1,3.0,896,0.75,52.64,1266681753347.8442
GOOGLENET,0.7,float32,1,6.0,896,0.75,62.71,1509023660159.7344
GOOGLENET,0.7,float32,1,9.0,896,0.75,63.41,1525921747586.5127
GOOGLENET,0.7,float32,1,12.0,896,0.75,65.31,1571571833397.802
GOOGLENET,0.7,float32,1,15.0,896,0.75,64.74,1557900796118.442
GOOGLENET,0.7,float32,1,18.0,896,0.75,65.57,1577803549992.664
GOOGLENET,0.7,float32,1,21.0,896,0.75,64.45,1550770504072.369
GOOGLENET,0.7,float32,1,24.0,896,0.75,65.61,1578712032118.6125
GOOGLENET,0.7,float32,1,27.0,896,0.75,65.45,1574875607967.79
GOOGLENET,0.7,float32,1,30.0,896,0.75,65.37,1573029176507.576
GOOGLENET,0.8,float32,1,3.0,896,0.608,51.72,1244511921073.9175
GOOGLENET,0.8,float32,1,6.0,896,0.608,62.25,1497836775556.589
GOOGLENET,0.8,float32,1,9.0,896,0.608,59.0,1419623330311.9392
GOOGLENET,0.8,float32,1,12.0,896,0.608,63.43,1526263774108.4072
GOOGLENET,0.8,float32,1,15.0,896,0.608,64.35,1548323960240.821
GOOGLENET,0.8,float32,1,18.0,896,0.608,64.01,1540348617395.7383
GOOGLENET,0.8,float32,1,21.0,896,0.608,64.73,1557524665278.2148
GOOGLENET,0.8,float32,1,24.0,896,0.608,65.38,1573149959580.626
GOOGLENET,0.8,float32,1,27.0,896,0.608,61.46,1478983259976.4045
GOOGLENET,0.8,float32,1,30.0,896,0.608,63.79,1534986315799.2615
GOOGLENET,0.9,float32,1,3.0,896,0.372,53.14,1278587387930.0408
GOOGLENET,0.9,float32,1,6.0,896,0.372,61.3,1474937831921.002
GOOGLENET,0.9,float32,1,9.0,896,0.372,62.74,1509645349291.5234
GOOGLENET,0.9,float32,1,12.0,896,0.372,65.32,1571779620639.9226
GOOGLENET,0.9,float32,1,15.0,896,0.372,63.56,1529382061559.8228
GOOGLENET,0.9,float32,1,18.0,896,0.372,62.25,1497965375167.7205
GOOGLENET,0.9,float32,1,21.0,896,0.372,64.1,1542400375009.0134
GOOGLENET,0.9,float32,1,24.0,896,0.372,62.72,1509168232384.7708
GOOGLENET,0.9,float32,1,27.0,896,0.372,66.24,1593856426475.2468
GOOGLENET,0.9,float32,1,30.0,896,0.372,65.86,1584842175323.9211
GOOGLENET,1.0,float32,1,3.0,896,0.001,52.76,1269547338423.5186
GOOGLENET,1.0,float32,1,6.0,896,0.001,59.96,1442876661378.2263
GOOGLENET,1.0,float32,1,9.0,896,0.001,63.73,1533398810579.7854
GOOGLENET,1.0,float32,1,12.0,896,0.001,62.98,1515386376612.4404
GOOGLENET,1.0,float32,1,15.0,896,0.001,59.9,1441271693965.9712
GOOGLENET,1.0,float32,1,18.0,896,0.001,65.08,1566105237315.3452
GOOGLENET,1.0,float32,1,21.0,896,0.001,66.34,1596358892599.1528
GOOGLENET,1.0,float32,1,24.0,896,0.001,66.18,1592494285072.3757
GOOGLENET,1.0,float32,1,27.0,896,0.001,65.51,1576268126992.6482
GOOGLENET,1.0,float32,1,30.0,896,0.001,65.09,1566233020080.5413
GOOGLENET,0.1,float32,1,3.0,1008,0.996,48.3,1474523823587.403
GOOGLENET,0.1,float32,1,6.0,1008,0.996,54.06,1650277326815.7678
GOOGLENET,0.1,float32,1,9.0,1008,0.996,57.3,1749227099922.999
GOOGLENET,0.1,float32,1,12.0,1008,0.996,59.53,1817480844770.308
GOOGLENET,0.1,float32,1,15.0,1008,0.996,60.32,1841428728952.6875
GOOGLENET,0.1,float32,1,18.0,1008,0.996,61.27,1870536306391.8022
GOOGLENET,0.1,float32,1,21.0,1008,0.996,57.06,1741815822310.2488
GOOGLENET,0.1,float32,1,24.0,1008,0.996,58.54,1786989008164.0347
GOOGLENET,0.1,float32,1,27.0,1008,0.996,58.04,1771883240256.19
GOOGLENET,0.1,float32,1,30.0,1008,0.996,56.85,1735632655574.6577
GOOGLENET,0.2,float32,1,3.0,1008,0.989,52.37,1598692238384.028
GOOGLENET,0.2,float32,1,6.0,1008,0.989,57.08,1742480970465.5771
GOOGLENET,0.2,float32,1,9.0,1008,0.989,59.86,1827460175853.5435
GOOGLENET,0.2,float32,1,12.0,1008,0.989,56.57,1727023486804.7678
GOOGLENET,0.2,float32,1,15.0,1008,0.989,57.59,1758174654693.8206
GOOGLENET,0.2,float32,1,18.0,1008,0.989,56.81,1734296869954.5334
GOOGLENET,0.2,float32,1,21.0,1008,0.989,61.06,1864110941126.8052
GOOGLENET,0.2,float32,1,24.0,1008,0.989,60.37,1843100379435.532
GOOGLENET,0.2,float32,1,27.0,1008,0.989,61.94,1890861912875.0513
GOOGLENET,0.2,float32,1,30.0,1008,0.989,55.86,1705159099608.3953
GOOGLENET,0.3,float32,1,3.0,1008,0.965,49.2,1502104714558.8184
GOOGLENET,0.3,float32,1,6.0,1008,0.965,52.79,1611594466756.1616
GOOGLENET,0.3,float32,1,9.0,1008,0.965,59.61,1819666888841.7205
GOOGLENET,0.3,float32,1,12.0,1008,0.965,59.33,1811267002748.2527
GOOGLENET,0.3,float32,1,15.0,1008,0.965,59.77,1824794628163.1257
GOOGLENET,0.3,float32,1,18.0,1008,0.965,56.38,1721168096652.011
GOOGLENET,0.3,float32,1,21.0,1008,0.965,59.31,1810693376265.8215
GOOGLENET,0.3,float32,1,24.0,1008,0.965,60.63,1850987191271.6096
GOOGLENET,0.3,float32,1,27.0,1008,0.965,56.94,1738142031844.6848
GOOGLENET,0.3,float32,1,30.0,1008,0.965,59.66,1821382232016.6558
GOOGLENET,0.4,float32,1,3.0,1008,0.937,53.43,1630970001015.719
GOOGLENET,0.4,float32,1,6.0,1008,0.937,54.65,1668469636673.4612
GOOGLENET,0.4,float32,1,9.0,1008,0.937,55.91,1706965199310.3662
GOOGLENET,0.4,float32,1,12.0,1008,0.937,58.99,1800881624178.887
GOOGLENET,0.4,float32,1,15.0,1008,0.937,55.93,1707565912979.8098
GOOGLENET,0.4,float32,1,18.0,1008,0.937,55.75,1701865294449.0461
GOOGLENET,0.4,float32,1,21.0,1008,0.937,62.14,1897160277847.2546
GOOGLENET,0.4,float32,1,24.0,1008,0.937,57.63,1759265453134.7742
GOOGLENET,0.4,float32,1,27.0,1008,0.937,59.91,1829061468194.054
GOOGLENET,0.4,float32,1,30.0,1008,0.937,58.5,1785785389927.1738
GOOGLENET,0.5,float32,1,3.0,1008,0.903,48.66,1485609796036.1296
GOOGLENET,0.5,float32,1,6.0,1008,0.903,54.96,1677736381331.7302
GOOGLENET,0.5,float32,1,9.0,1008,0.903,58.92,1798601594240.0361
GOOGLENET,0.5,float32,1,12.0,1008,0.903,60.58,1849258517971.0244
GOOGLENET,0.5,float32,1,15.0,1008,0.903,59.1,1804192002110.0706
GOOGLENET,0.5,float32,1,18.0,1008,0.903,53.19,1623636912089.046
GOOGLENET,0.5,float32,1,21.0,1008,0.903,61.12,1865873095430.589
GOOGLENET,0.5,float32,1,24.0,1008,0.903,61.04,1863568816087.861
GOOGLENET,0.5,float32,1,27.0,1008,0.903,60.56,1848717265445.462
GOOGLENET,0.5,float32,1,30.0,1008,0.903,61.74,1884741616395.0269
GOOGLENET,0.6,float32,1,3.0,1008,0.853,49.84,1521547018514.3657
GOOGLENET,0.6,float32,1,6.0,1008,0.853,55.26,1686861259967.379
GOOGLENET,0.6,float32,1,9.0,1008,0.853,55.37,1690283791538.1665
GOOGLENET,0.6,float32,1,12.0,1008,0.853,59.21,1807656332448.2915
GOOGLENET,0.6,float32,1,15.0,1008,0.853,60.6,1850059606261.5476
GOOGLENET,0.6,float32,1,18.0,1008,0.853,59.53,1817362443886.7188
GOOGLENET,0.6,float32,1,21.0,1008,0.853,60.79,1855691508821.163
GOOGLENET,0.6,float32,1,24.0,1008,0.853,58.57,1788110699276.4934
GOOGLENET,0.6,float32,1,27.0,1008,0.853,58.44,1784048025624.0637
GOOGLENET,0.6,float32,1,30.0,1008,0.853,62.08,1895223375896.0444
GOOGLENET,0.7,float32,1,3.0,1008,0.768,52.62,1606527338894.4038
GOOGLENET,0.7,float32,1,6.0,1008,0.768,54.76,1671775583350.2349
GOOGLENET,0.7,float32,1,9.0,1008,0.768,54.7,1669906034576.284
GOOGLENET,0.7,float32,1,12.0,1008,0.768,59.87,1827599572511.618
GOOGLENET,0.7,float32,1,15.0,1008,0.768,58.74,1793234609994.8591
GOOGLENET,0.7,float32,1,18.0,1008,0.768,60.69,1852655812183.1152
GOOGLENET,0.7,float32,1,21.0,1008,0.768,60.8,1856000681985.4507
GOOGLENET,0.7,float32,1,24.0,1008,0.768,57.97,1769563415572.5618
GOOGLENET,0.7,float32,1,27.0,1008,0.768,60.54,1848245743144.844
GOOGLENET,0.7,float32,1,30.0,1008,0.768,62.84,1918358167606.2769
GOOGLENET,0.8,float32,1,3.0,1008,0.622,53.27,1626275690923.84
GOOGLENET,0.8,float32,1,6.0,1008,0.622,54.28,1657067986860.6584
GOOGLENET,0.8,float32,1,9.0,1008,0.622,55.99,1709345569774.1987
GOOGLENET,0.8,float32,1,12.0,1008,0.622,54.72,1670351631988.4382
GOOGLENET,0.8,float32,1,15.0,1008,0.622,55.42,1691938731013.8882
GOOGLENET,0.8,float32,1,18.0,1008,0.622,60.0,1831762562662.613
GOOGLENET,0.8,float32,1,21.0,1008,0.622,57.21,1746609404089.6821
GOOGLENET,0.8,float32,1,24.0,1008,0.622,56.88,1736450217524.6055
GOOGLENET,0.8,float32,1,27.0,1008,0.622,56.65,1729304796822.675
GOOGLENET,0.8,float32,1,30.0,1008,0.622,62.41,1905371687704.0483
GOOGLENET,0.9,float32,1,3.0,1008,0.381,50.41,1538842888108.202
GOOGLENET,0.9,float32,1,6.0,1008,0.381,55.4,1691263075006.6682
GOOGLENET,0.9,float32,1,9.0,1008,0.381,56.56,1726773459276.1719
GOOGLENET,0.9,float32,1,12.0,1008,0.381,59.55,1817858412799.6633
GOOGLENET,0.9,float32,1,15.0,1008,0.381,56.29,1718499108294.8025
GOOGLENET,0.9,float32,1,18.0,1008,0.381,58.76,1793777396400.0623
GOOGLENET,0.9,float32,1,21.0,1008,0.381,54.39,1660544942005.208
GOOGLENET,0.9,float32,1,24.0,1008,0.381,60.91,1859603375332.5583
GOOGLENET,0.9,float32,1,27.0,1008,0.381,61.94,1890893166642.7642
GOOGLENET,0.9,float32,1,30.0,1008,0.381,62.08,1895077516984.5935
GOOGLENET,1.0,float32,1,3.0,1008,0.001,49.42,1508590194660.322
GOOGLENET,1.0,float32,1,6.0,1008,0.001,56.97,1739140124061.562
GOOGLENET,1.0,float32,1,9.0,1008,0.001,52.13,1591357704277.7205
GOOGLENET,1.0,float32,1,12.0,1008,0.001,58.69,1791821004419.4268
GOOGLENET,1.0,float32,1,15.0,1008,0.001,59.38,1812606112809.0706
GOOGLENET,1.0,float32,1,18.0,1008,0.001,60.45,1845469680385.0933
GOOGLENET,1.0,float32,1,21.0,1008,0.001,61.95,1891179670481.0957
GOOGLENET,1.0,float32,1,24.0,1008,0.001,57.14,1744506359709.5493
GOOGLENET,1.0,float32,1,27.0,1008,0.001,61.26,1870219998254.1094
GOOGLENET,1.0,float32,1,30.0,1008,0.001,60.85,1857496736612.2642
GOOGLENET,0.1,float32,1,3.0,1120,0.996,44.45,1671244391217.2224
GOOGLENET,0.1,float32,1,6.0,1120,0.996,49.03,1843220569402.858
GOOGLENET,0.1,float32,1,9.0,1120,0.996,48.59,1826820437983.844
GOOGLENET,0.1,float32,1,12.0,1120,0.996,51.12,1921807949558.2537
GOOGLENET,0.1,float32,1,15.0,1120,0.996,48.89,1838017987788.1006
GOOGLENET,0.1,float32,1,18.0,1120,0.996,52.14,1960393252663.1675
GOOGLENET,0.1,float32,1,21.0,1120,0.996,52.45,1971917796933.896
GOOGLENET,0.1,float32,1,24.0,1120,0.996,52.46,1972176311932.5286
GOOGLENET,0.1,float32,1,27.0,1120,0.996,52.09,1958425622047.4277
GOOGLENET,0.1,float32,1,30.0,1120,0.996,52.75,1983127892560.0166
GOOGLENET,0.2,float32,1,3.0,1120,0.99,42.32,1591125857335.783
GOOGLENET,0.2,float32,1,6.0,1120,0.99,48.06,1806910856880.372
GOOGLENET,0.2,float32,1,9.0,1120,0.99,51.13,1922317723627.067
GOOGLENET,0.2,float32,1,12.0,1120,0.99,51.62,1940850466594.8083
GOOGLENET,0.2,float32,1,15.0,1120,0.99,51.69,1943345738595.344
GOOGLENET,0.2,float32,1,18.0,1120,0.99,52.19,1962224770983.838
GOOGLENET,0.2,float32,1,21.0,1120,0.99,51.06,1919885682648.7573
GOOGLENET,0.2,float32,1,24.0,1120,0.99,51.1,1921200289087.4204
GOOGLENET,0.2,float32,1,27.0,1120,0.99,51.16,1923662430064.4915
GOOGLENET,0.2,float32,1,30.0,1120,0.99,52.17,1961296727289.7773
GOOGLENET,0.3,float32,1,3.0,1120,0.966,43.84,1648364972360.9888
GOOGLENET,0.3,float32,1,6.0,1120,0.966,49.42,1858182638458.4395
GOOGLENET,0.3,float32,1,9.0,1120,0.966,49.23,1850788606952.8413
GOOGLENET,0.3,float32,1,12.0,1120,0.966,51.45,1934362217104.7668
GOOGLENET,0.3,float32,1,15.0,1120,0.966,52.09,1958281962135.2122
GOOGLENET,0.3,float32,1,18.0,1120,0.966,52.29,1965845050683.7883
GOOGLENET,0.3,float32,1,21.0,1120,0.966,52.43,1971378946698.2915
GOOGLENET,0.3,float32,1,24.0,1120,0.966,52.6,1977635389542.9001
GOOGLENET,0.3,float32,1,27.0,1120,0.966,51.78,1946836634059.7456
GOOGLENET,0.3,float32,1,30.0,1120,0.966,52.18,1961779221713.5325
GOOGLENET,0.4,float32,1,3.0,1120,0.938,45.08,1695049547330.7932
GOOGLENET,0.4,float32,1,6.0,1120,0.938,49.2,1849783914249.4995
GOOGLENET,0.4,float32,1,9.0,1120,0.938,50.79,1909396537326.4138
GOOGLENET,0.4,float32,1,12.0,1120,0.938,51.78,1946648945432.9402
GOOGLENET,0.4,float32,1,15.0,1120,0.938,50.78,1909020546351.2104
GOOGLENET,0.4,float32,1,18.0,1120,0.938,52.01,1955289054760.86
GOOGLENET,0.4,float32,1,21.0,1120,0.938,51.87,1950159991268.9636
GOOGLENET,0.4,float32,1,24.0,1120,0.938,52.5,1973927525596.4546
GOOGLENET,0.4,float32,1,27.0,1120,0.938,52.65,1979593755453.5159
GOOGLENET,0.4,float32,1,30.0,1120,0.938,52.47,1972815579801.5935
GOOGLENET,0.5,float32,1,3.0,1120,0.904,42.18,1585942439534.8062
GOOGLENET,0.5,float32,1,6.0,1120,0.904,47.97,1803489580532.616
GOOGLENET,0.5,float32,1,9.0,1120,0.904,50.59,1902140389152.408
GOOGLENET,0.5,float32,1,12.0,1120,0.904,50.7,1906245432919.912
GOOGLENET,0.5,float32,1,15.0,1120,0.904,51.24,1926383529350.2224
GOOGLENET,0.5,float32,1,18.0,1120,0.904,52.17,1961559401610.0986
GOOGLENET,0.5,float32,1,21.0,1120,0.904,51.33,1929917705417.569
GOOGLENET,0.5,float32,1,24.0,1120,0.904,51.48,1935565271300.3518
GOOGLENET,0.5,float32,1,27.0,1120,0.904,52.65,1979621570126.448
GOOGLENET,0.5,float32,1,30.0,1120,0.904,52.82,1986047794455.5579
GOOGLENET,0.6,float32,1,3.0,1120,0.853,46.14,1734754175595.7068
GOOGLENET,0.6,float32,1,6.0,1120,0.853,49.63,1866069527892.692
GOOGLENET,0.6,float32,1,9.0,1120,0.853,48.92,1839430717966.3457
GOOGLENET,0.6,float32,1,12.0,1120,0.853,50.96,1916072673200.476
GOOGLENET,0.6,float32,1,15.0,1120,0.853,51.88,1950696647442.948
GOOGLENET,0.6,float32,1,18.0,1120,0.853,51.91,1951645308779.4966
GOOGLENET,0.6,float32,1,21.0,1120,0.853,52.26,1964931606753.038
GOOGLENET,0.6,float32,1,24.0,1120,0.853,52.42,1970855734326.6462
GOOGLENET,0.6,float32,1,27.0,1120,0.853,51.72,1944392781671.5354
GOOGLENET,0.6,float32,1,30.0,1120,0.853,52.2,1962405618793.064
GOOGLENET,0.7,float32,1,3.0,1120,0.768,43.23,1625440827178.033
GOOGLENET,0.7,float32,1,6.0,1120,0.768,49.62,1865619164216.8582
GOOGLENET,0.7,float32,1,9.0,1120,0.768,50.58,1901754141695.558
GOOGLENET,0.7,float32,1,12.0,1120,0.768,50.85,1911987228378.6646
GOOGLENET,0.7,float32,1,15.0,1120,0.768,50.52,1899595539789.2258
GOOGLENET,0.7,float32,1,18.0,1120,0.768,51.04,1919103847853.1555
GOOGLENET,0.7,float32,1,21.0,1120,0.768,52.38,1969184828558.6265
GOOGLENET,0.7,float32,1,24.0,1120,0.768,52.38,1969378694152.755
GOOGLENET,0.7,float32,1,27.0,1120,0.768,52.52,1974626355092.6614
GOOGLENET,0.7,float32,1,30.0,1120,0.768,52.83,1986319220083.4094
GOOGLENET,0.8,float32,1,3.0,1120,0.623,43.0,1616563434668.643
GOOGLENET,0.8,float32,1,6.0,1120,0.623,49.26,1851958895688.1443
GOOGLENET,0.8,float32,1,9.0,1120,0.623,50.43,1896027868929.2769
GOOGLENET,0.8,float32,1,12.0,1120,0.623,51.76,1945936636747.0437
GOOGLENET,0.8,float32,1,15.0,1120,0.623,51.63,1941205276191.585
GOOGLENET,0.8,float32,1,18.0,1120,0.623,52.36,1968666668618.368
GOOGLENET,0.8,float32,1,21.0,1120,0.623,51.16,1923534273161.021
GOOGLENET,0.8,float32,1,24.0,1120,0.623,51.29,1928368426334.2825
GOOGLENET,0.8,float32,1,27.0,1120,0.623,52.67,1980426254009.8428
GOOGLENET,0.8,float32,1,30.0,1120,0.623,51.55,1938088848885.3223
GOOGLENET,0.9,float32,1,3.0,1120,0.381,44.27,1664331447986.0273
GOOGLENET,0.9,float32,1,6.0,1120,0.381,49.74,1869954310860.8862
GOOGLENET,0.9,float32,1,9.0,1120,0.381,48.81,1835134493872.0793
GOOGLENET,0.9,float32,1,12.0,1120,0.381,51.07,1920162731225.644
GOOGLENET,0.9,float32,1,15.0,1120,0.381,51.91,1951537216938.3542
GOOGLENET,0.9,float32,1,18.0,1120,0.381,52.0,1955010122480.164
GOOGLENET,0.9,float32,1,21.0,1120,0.381,52.31,1966784897758.7695
GOOGLENET,0.9,float32,1,24.0,1120,0.381,52.43,1971125448801.9163
GOOGLENET,0.9,float32,1,27.0,1120,0.381,52.12,1959625043857.8179
GOOGLENET,0.9,float32,1,30.0,1120,0.381,52.56,1976028456333.1553
GOOGLENET,1.0,float32,1,3.0,1120,0.001,44.58,1676140332124.622
GOOGLENET,1.0,float32,1,6.0,1120,0.001,49.63,1865787804365.0684
GOOGLENET,1.0,float32,1,9.0,1120,0.001,49.82,1872951737085.4167
GOOGLENET,1.0,float32,1,12.0,1120,0.001,51.32,1929474078028.4363
GOOGLENET,1.0,float32,1,15.0,1120,0.001,50.93,1914727970575.0537
GOOGLENET,1.0,float32,1,18.0,1120,0.001,52.42,1970921567962.8835
GOOGLENET,1.0,float32,1,21.0,1120,0.001,52.43,1971117748052.9834
GOOGLENET,1.0,float32,1,24.0,1120,0.001,51.17,1923911245047.4534
GOOGLENET,1.0,float32,1,27.0,1120,0.001,52.67,1980251713442.899
GOOGLENET,1.0,float32,1,30.0,1120,0.001,52.8,1984968663286.6406
